,Jurisdiction of Occurrence,MMWR Year,All Cause,Natural Cause,Septicemia (A40-A41),Malignant neoplasms (C00-C97),Diabetes mellitus (E10-E14),Alzheimer disease (G30),Influenza and pneumonia (J09-J18),Chronic lower respiratory diseases (J40-J47),"Other diseases of respiratory system (J00-J06,J30-J39,J67,J70-J98)","Nephritis, nephrotic syndrome and nephrosis (N00-N07,N17-N19,N25-N27)","Symptoms, signs and abnormal clinical and laboratory findings, not elsewhere classified (R00-R99)","Diseases of heart (I00-I09,I11,I13,I20-I51)",Cerebrovascular diseases (I60-I69),"COVID-19 (U071, Multiple Cause of Death)","COVID-19 (U071, Underlying Cause of Death)",Population
0,Alabama,2014,50229.0,46589.0,1031.0,10245.0,1278.0,1870.0,1004.0,3072.0,799.0,985.0,1244.0,12532.0,2627.0,0.0,0.0,4841799.0
1,Alabama,2015,50661.0,46809.0,1017.0,10073.0,1205.0,2227.0,1029.0,3216.0,857.0,995.0,1150.0,12745.0,2860.0,0.0,0.0,4852347.0
2,Alabama,2016,51130.0,47006.0,993.0,10165.0,1147.0,2432.0,933.0,3238.0,859.0,980.0,1171.0,12559.0,2843.0,0.0,0.0,4863525.0
3,Alabama,2017,52132.0,47890.0,1005.0,10152.0,1133.0,2512.0,1149.0,3404.0,940.0,937.0,1107.0,12910.0,2847.0,0.0,0.0,4874486.0
4,Alabama,2018,53146.0,49052.0,1003.0,10383.0,1132.0,2566.0,1237.0,3534.0,921.0,1006.0,967.0,13287.0,2976.0,0.0,0.0,4887681.0
5,Alabama,2019,53057.0,48845.0,1022.0,10030.0,1196.0,2608.0,962.0,3458.0,893.0,980.0,979.0,13277.0,3022.0,0.0,0.0,4903185.0
6,Alabama,2020,64354.0,59772.0,999.0,10423.0,1430.0,3095.0,1095.0,3434.0,949.0,1060.0,1150.0,14739.0,3314.0,6860.0,6406.0,5024279.0
7,Alabama,2021,66960.0,61867.0,1140.0,10205.0,1615.0,2674.0,986.0,3211.0,970.0,1124.0,1082.0,14898.0,3257.0,9569.0,8958.0,5048733.0
8,Alabama,2022,44182.0,40853.0,819.0,7281.0,1180.0,1905.0,564.0,2179.0,773.0,944.0,903.0,10484.0,2264.0,3787.0,3103.0,5056005.0
9,Alaska,2014,4081.0,3442.0,0.0,907.0,0.0,0.0,0.0,0.0,0.0,0.0,0.0,779.0,0.0,0.0,0.0,736283.0
10,Alaska,2015,4170.0,3467.0,0.0,912.0,0.0,0.0,0.0,0.0,0.0,0.0,0.0,783.0,10.0,0.0,0.0,737498.0
11,Alaska,2016,4305.0,3576.0,0.0,905.0,0.0,0.0,0.0,12.0,0.0,0.0,0.0,789.0,0.0,0.0,0.0,741456.0
12,Alaska,2017,4255.0,3513.0,0.0,871.0,0.0,0.0,0.0,30.0,0.0,0.0,0.0,799.0,0.0,0.0,0.0,739700.0
13,Alaska,2018,4289.0,3614.0,0.0,884.0,0.0,0.0,0.0,0.0,0.0,0.0,0.0,762.0,10.0,0.0,0.0,735139.0
14,Alaska,2019,4503.0,3720.0,0.0,969.0,0.0,0.0,0.0,10.0,0.0,0.0,0.0,807.0,0.0,0.0,0.0,731545.0
15,Alaska,2020,5076.0,4283.0,0.0,981.0,0.0,0.0,0.0,0.0,0.0,0.0,0.0,888.0,11.0,181.0,143.0,733391.0
16,Alaska,2021,6059.0,5172.0,0.0,1034.0,0.0,0.0,0.0,33.0,0.0,0.0,0.0,999.0,0.0,726.0,650.0,735707.0
17,Alaska,2022,3865.0,3317.0,0.0,729.0,0.0,0.0,0.0,0.0,0.0,0.0,0.0,693.0,14.0,157.0,134.0,731721.0
18,Arizona,2014,52761.0,47557.0,169.0,11726.0,1990.0,2557.0,685.0,3503.0,409.0,43.0,1174.0,11153.0,2277.0,0.0,0.0,6730413.0
19,Arizona,2015,54382.0,49018.0,211.0,11840.0,2074.0,2951.0,669.0,3685.0,499.0,231.0,1181.0,11579.0,2483.0,0.0,0.0,6829676.0
20,Arizona,2016,56583.0,50676.0,291.0,11839.0,2034.0,3083.0,836.0,3817.0,528.0,253.0,1635.0,12002.0,2548.0,0.0,0.0,6941072.0
21,Arizona,2017,57885.0,51617.0,271.0,12067.0,2046.0,3068.0,804.0,3816.0,626.0,391.0,1211.0,12479.0,2675.0,0.0,0.0,7044008.0
22,Arizona,2018,59495.0,53076.0,131.0,12127.0,2033.0,3017.0,1070.0,3851.0,904.0,612.0,1133.0,12629.0,2815.0,0.0,0.0,7158024.0
23,Arizona,2019,60450.0,53749.0,118.0,12589.0,2173.0,3059.0,944.0,3668.0,892.0,737.0,947.0,12651.0,2850.0,0.0,0.0,7278717.0
24,Arizona,2020,78257.0,70296.0,197.0,13104.0,2609.0,3321.0,1150.0,3794.0,1137.0,784.0,1083.0,14724.0,3297.0,9575.0,8810.0,7151502.0
25,Arizona,2021,82104.0,73546.0,379.0,12944.0,2532.0,2753.0,936.0,3527.0,1083.0,847.0,887.0,14695.0,3296.0,13844.0,12776.0,7227450.0
26,Arizona,2022,54729.0,48784.0,229.0,9581.0,1754.0,1992.0,624.0,2514.0,827.0,597.0,1337.0,10538.0,2400.0,4883.0,3990.0,7408017.0
27,Arkansas,2014,30508.0,28230.0,354.0,6612.0,819.0,1211.0,600.0,2149.0,156.0,583.0,192.0,7583.0,1563.0,0.0,0.0,2967392.0
28,Arkansas,2015,30830.0,28452.0,270.0,6581.0,878.0,1452.0,607.0,2236.0,109.0,660.0,87.0,7712.0,1587.0,0.0,0.0,2978048.0
29,Arkansas,2016,30847.0,28420.0,170.0,6471.0,894.0,1445.0,428.0,2172.0,131.0,644.0,110.0,7869.0,1536.0,0.0,0.0,2989918.0
30,Arkansas,2017,31707.0,29117.0,184.0,6412.0,1152.0,1424.0,565.0,2466.0,126.0,622.0,0.0,8079.0,1527.0,0.0,0.0,3001345.0
31,Arkansas,2018,31744.0,29318.0,238.0,6351.0,1199.0,1452.0,511.0,2394.0,140.0,601.0,0.0,8049.0,1484.0,0.0,0.0,3009733.0
32,Arkansas,2019,32183.0,29803.0,281.0,6343.0,1165.0,1492.0,447.0,2337.0,219.0,532.0,0.0,8526.0,1472.0,0.0,0.0,3017804.0
33,Arkansas,2020,38399.0,35509.0,308.0,6509.0,1338.0,1815.0,624.0,2464.0,264.0,659.0,10.0,8694.0,1679.0,4097.0,3600.0,3011524.0
34,Arkansas,2021,39851.0,36743.0,468.0,6495.0,1472.0,1545.0,394.0,2397.0,188.0,747.0,20.0,8466.0,1789.0,5266.0,4732.0,3021085.0
35,Arkansas,2022,27227.0,25164.0,379.0,4710.0,1034.0,1152.0,307.0,1685.0,250.0,606.0,240.0,6071.0,1257.0,2337.0,1803.0,3042231.0
36,California,2014,250552.0,231939.0,1302.0,59598.0,8397.0,12896.0,6127.0,13052.0,2575.0,3167.0,1169.0,59239.0,13989.0,0.0,0.0,38596972.0
37,California,2015,258512.0,239331.0,1427.0,59611.0,8804.0,15070.0,6138.0,13610.0,2588.0,3546.0,1423.0,61085.0,15008.0,0.0,0.0,38918045.0
38,California,2016,260595.0,240600.0,1395.0,59366.0,9035.0,15485.0,5918.0,13598.0,2714.0,3603.0,1458.0,61155.0,15553.0,0.0,0.0,39167117.0
39,California,2017,267106.0,246414.0,1506.0,59486.0,9534.0,16199.0,6264.0,13813.0,2932.0,3848.0,1441.0,62537.0,16287.0,0.0,0.0,39358497.0
40,California,2018,268145.0,247074.0,1602.0,60012.0,9475.0,16585.0,6938.0,13595.0,2937.0,3908.0,1252.0,62358.0,16416.0,0.0,0.0,39461588.0
41,California,2019,268775.0,246862.0,1605.0,59516.0,9789.0,16762.0,5604.0,13062.0,3059.0,3980.0,1436.0,62103.0,16756.0,0.0,0.0,39512223.0
42,California,2020,326703.0,300015.0,1746.0,60940.0,11881.0,19110.0,6192.0,13103.0,2965.0,4490.0,1251.0,67940.0,18247.0,34968.0,32687.0,39538223.0
43,California,2021,332311.0,303506.0,1806.0,59659.0,11421.0,16848.0,4643.0,11538.0,2991.0,4677.0,2101.0,65348.0,18285.0,47034.0,43235.0,39766650.0
44,California,2022,227979.0,210857.0,1313.0,43820.0,8272.0,12413.0,3361.0,8415.0,2321.0,3593.0,6923.0,46879.0,13353.0,18723.0,15015.0,38959247.0
45,Colorado,2014,36474.0,32380.0,208.0,7572.0,829.0,1420.0,637.0,2504.0,297.0,260.0,148.0,7168.0,1776.0,0.0,0.0,5350101.0
46,Colorado,2015,36729.0,32497.0,283.0,7648.0,871.0,1598.0,532.0,2559.0,360.0,260.0,43.0,7108.0,1894.0,0.0,0.0,5450623.0
47,Colorado,2016,37878.0,33413.0,295.0,7962.0,929.0,1840.0,397.0,2583.0,359.0,274.0,11.0,7399.0,1951.0,0.0,0.0,5539215.0
48,Colorado,2017,38593.0,33843.0,311.0,7841.0,1027.0,1836.0,447.0,2596.0,453.0,358.0,0.0,7209.0,2022.0,0.0,0.0,5611885.0
49,Colorado,2018,39007.0,34225.0,294.0,7869.0,987.0,1655.0,361.0,2652.0,490.0,252.0,30.0,7495.0,2046.0,0.0,0.0,5691287.0
50,Colorado,2019,39922.0,34988.0,212.0,8053.0,1051.0,1919.0,281.0,2525.0,489.0,323.0,0.0,7906.0,2049.0,0.0,0.0,5758736.0
51,Colorado,2020,48259.0,42637.0,234.0,8423.0,1183.0,2197.0,264.0,2541.0,519.0,307.0,20.0,8279.0,2276.0,5133.0,4470.0,5773714.0
52,Colorado,2021,49007.0,42740.0,301.0,8107.0,1219.0,1780.0,22.0,2313.0,683.0,411.0,10.0,8236.0,2104.0,6173.0,5404.0,5848166.0
53,Colorado,2022,34301.0,30326.0,249.0,6091.0,865.0,1324.0,158.0,1729.0,447.0,295.0,629.0,6132.0,1576.0,2744.0,1904.0,5855078.0
54,Connecticut,2014,30392.0,28226.0,432.0,6787.0,647.0,929.0,523.0,1398.0,395.0,469.0,78.0,7118.0,1317.0,0.0,0.0,3594524.0
55,Connecticut,2015,30460.0,28117.0,539.0,6682.0,564.0,953.0,542.0,1364.0,352.0,473.0,31.0,7200.0,1381.0,0.0,0.0,3587122.0
56,Connecticut,2016,30439.0,27951.0,459.0,6738.0,629.0,1039.0,407.0,1416.0,370.0,463.0,72.0,7022.0,1268.0,0.0,0.0,3578141.0
57,Connecticut,2017,31417.0,28781.0,515.0,6684.0,594.0,1091.0,568.0,1477.0,457.0,420.0,121.0,7128.0,1405.0,0.0,0.0,3573297.0
58,Connecticut,2018,31333.0,28697.0,445.0,6528.0,647.0,981.0,630.0,1439.0,369.0,493.0,122.0,7228.0,1403.0,0.0,0.0,3571520.0
59,Connecticut,2019,31789.0,28984.0,510.0,6558.0,713.0,964.0,431.0,1399.0,399.0,512.0,190.0,7329.0,1379.0,0.0,0.0,3565287.0
60,Connecticut,2020,38648.0,35543.0,409.0,6800.0,854.0,1104.0,360.0,1249.0,461.0,404.0,100.0,7260.0,1499.0,6329.0,5889.0,3605944.0
61,Connecticut,2021,34621.0,31338.0,453.0,6601.0,723.0,1080.0,187.0,1179.0,497.0,573.0,117.0,6776.0,1456.0,3069.0,2740.0,3609129.0
62,Connecticut,2022,24971.0,22889.0,228.0,4831.0,484.0,752.0,237.0,881.0,402.0,531.0,475.0,4957.0,1069.0,2019.0,1611.0,3609924.0
63,Delaware,2014,8443.0,7766.0,0.0,2000.0,21.0,0.0,0.0,269.0,0.0,10.0,0.0,1930.0,250.0,0.0,0.0,932487.0
64,Delaware,2015,8524.0,7856.0,0.0,1980.0,0.0,42.0,33.0,330.0,0.0,0.0,0.0,1912.0,312.0,0.0,0.0,941252.0
65,Delaware,2016,8937.0,8189.0,0.0,2126.0,20.0,88.0,0.0,384.0,0.0,0.0,0.0,1967.0,329.0,0.0,0.0,948921.0
66,Delaware,2017,9087.0,8258.0,0.0,2082.0,0.0,109.0,0.0,314.0,0.0,0.0,0.0,1984.0,473.0,0.0,0.0,956823.0
67,Delaware,2018,9449.0,8598.0,0.0,2067.0,11.0,178.0,33.0,351.0,0.0,0.0,0.0,2070.0,538.0,0.0,0.0,965479.0
68,Delaware,2019,9222.0,8294.0,0.0,2064.0,11.0,90.0,0.0,273.0,0.0,0.0,0.0,2009.0,485.0,0.0,0.0,973764.0
69,Delaware,2020,11147.0,10160.0,0.0,2146.0,66.0,249.0,0.0,292.0,0.0,10.0,0.0,2174.0,688.0,1021.0,901.0,989948.0
70,Delaware,2021,11275.0,10185.0,0.0,2201.0,71.0,166.0,0.0,294.0,0.0,0.0,0.0,2155.0,752.0,1185.0,999.0,999149.0
71,Delaware,2022,8163.0,7450.0,0.0,1686.0,61.0,167.0,0.0,170.0,0.0,0.0,32.0,1577.0,601.0,611.0,401.0,1012615.0
72,District of Columbia,2014,5568.0,5067.0,0.0,1304.0,0.0,0.0,0.0,0.0,0.0,0.0,0.0,1478.0,45.0,0.0,0.0,662328.0
73,District of Columbia,2015,5647.0,5076.0,0.0,1251.0,0.0,0.0,0.0,0.0,0.0,0.0,0.0,1369.0,66.0,0.0,0.0,675400.0
74,District of Columbia,2016,5976.0,5270.0,0.0,1315.0,0.0,0.0,0.0,0.0,0.0,0.0,0.0,1537.0,57.0,0.0,0.0,685815.0
75,District of Columbia,2017,6118.0,5342.0,0.0,1329.0,0.0,0.0,0.0,0.0,0.0,0.0,0.0,1502.0,65.0,0.0,0.0,694906.0
76,District of Columbia,2018,6127.0,5363.0,0.0,1319.0,11.0,0.0,10.0,0.0,0.0,0.0,0.0,1530.0,84.0,0.0,0.0,701547.0
77,District of Columbia,2019,5962.0,5150.0,0.0,1226.0,0.0,0.0,0.0,0.0,0.0,0.0,0.0,1404.0,110.0,0.0,0.0,705749.0
78,District of Columbia,2020,7556.0,6485.0,0.0,1206.0,0.0,0.0,0.0,0.0,0.0,0.0,0.0,1538.0,158.0,927.0,845.0,689545.0
79,District of Columbia,2021,7130.0,5904.0,0.0,1188.0,10.0,0.0,0.0,0.0,0.0,0.0,0.0,1496.0,118.0,580.0,427.0,698327.0
80,District of Columbia,2022,4831.0,4124.0,0.0,857.0,0.0,0.0,0.0,0.0,0.0,0.0,113.0,1021.0,98.0,271.0,158.0,657185.0
81,Florida,2014,190076.0,175763.0,2247.0,43640.0,5494.0,5961.0,2795.0,11487.0,2304.0,3150.0,3304.0,45768.0,10108.0,0.0,0.0,19845911.0
82,Florida,2015,192144.0,176722.0,2375.0,43657.0,5432.0,6978.0,2683.0,11760.0,2442.0,3253.0,3141.0,45744.0,11530.0,0.0,0.0,20209042.0
83,Florida,2016,197305.0,179653.0,2424.0,43626.0,5795.0,7111.0,2803.0,11985.0,2410.0,3151.0,2978.0,46036.0,11921.0,0.0,0.0,20613477.0
84,Florida,2017,203790.0,185316.0,2479.0,44625.0,6147.0,6895.0,3062.0,12644.0,2580.0,3196.0,2999.0,46699.0,12705.0,0.0,0.0,20963613.0
85,Florida,2018,205757.0,187388.0,2489.0,44862.0,6206.0,6659.0,3080.0,12379.0,2812.0,3144.0,3004.0,47335.0,13401.0,0.0,0.0,21244317.0
86,Florida,2019,207417.0,188383.0,2530.0,45213.0,6193.0,6501.0,2711.0,12029.0,2833.0,3282.0,3002.0,47450.0,14051.0,0.0,0.0,21477737.0
87,Florida,2020,246475.0,223975.0,2725.0,46420.0,7705.0,7350.0,3293.0,12129.0,2690.0,3295.0,3354.0,50949.0,15896.0,22095.0,19706.0,21538187.0
88,Florida,2021,264007.0,239817.0,2897.0,46763.0,8075.0,6641.0,2890.0,11014.0,2827.0,3489.0,3579.0,50741.0,15838.0,38655.0,35138.0,21811875.0
89,Florida,2022,178555.0,163497.0,2117.0,34374.0,5494.0,4639.0,2035.0,8113.0,2066.0,2872.0,5278.0,36708.0,12199.0,14785.0,11148.0,22040323.0
90,Georgia,2014,78958.0,72745.0,1541.0,17200.0,2264.0,2748.0,1585.0,4428.0,1372.0,1812.0,1315.0,17552.0,4026.0,0.0,0.0,10067278.0
91,Georgia,2015,80128.0,73576.0,1546.0,17088.0,2202.0,3741.0,1478.0,4609.0,1520.0,1903.0,1231.0,17734.0,4309.0,0.0,0.0,10178447.0
92,Georgia,2016,81295.0,74242.0,1578.0,17296.0,2242.0,4060.0,1432.0,4744.0,1388.0,1873.0,1180.0,18075.0,4274.0,0.0,0.0,10301890.0
93,Georgia,2017,83349.0,76145.0,1639.0,17254.0,2359.0,4327.0,1454.0,4863.0,1667.0,1941.0,1201.0,18358.0,4369.0,0.0,0.0,10410330.0
94,Georgia,2018,85356.0,78389.0,1681.0,17504.0,2463.0,4574.0,1551.0,5004.0,1971.0,2036.0,1179.0,19022.0,4536.0,0.0,0.0,10511131.0
95,Georgia,2019,85857.0,78587.0,1742.0,17808.0,2394.0,4235.0,1337.0,4745.0,1829.0,2030.0,1159.0,19457.0,4464.0,0.0,0.0,10617423.0
96,Georgia,2020,105189.0,96627.0,1926.0,18205.0,2880.0,4906.0,1629.0,4882.0,2369.0,2177.0,1304.0,21508.0,4871.0,10665.0,9740.0,10711908.0
97,Georgia,2021,112250.0,102802.0,1860.0,18230.0,2954.0,4420.0,1308.0,4702.0,2212.0,2295.0,1270.0,21874.0,5211.0,17133.0,15701.0,10814334.0
98,Georgia,2022,73356.0,67416.0,1302.0,13304.0,1915.0,3085.0,877.0,3393.0,1607.0,1667.0,1209.0,15312.0,3649.0,6320.0,5105.0,10852484.0
99,Hawaii,2014,10989.0,10181.0,0.0,2507.0,0.0,62.0,197.0,73.0,0.0,10.0,10.0,2596.0,600.0,0.0,0.0,1414538.0
100,Hawaii,2015,11086.0,10236.0,0.0,2439.0,0.0,197.0,407.0,60.0,0.0,0.0,0.0,2621.0,710.0,0.0,0.0,1422052.0
101,Hawaii,2016,10904.0,10047.0,0.0,2368.0,23.0,235.0,316.0,68.0,0.0,0.0,0.0,2500.0,620.0,0.0,0.0,1427559.0
102,Hawaii,2017,11385.0,10456.0,0.0,2415.0,20.0,272.0,562.0,125.0,0.0,0.0,0.0,2607.0,722.0,0.0,0.0,1424393.0
103,Hawaii,2018,11427.0,10499.0,0.0,2384.0,54.0,280.0,377.0,116.0,0.0,0.0,0.0,2583.0,731.0,0.0,0.0,1420593.0
104,Hawaii,2019,11658.0,10627.0,0.0,2493.0,51.0,254.0,175.0,140.0,0.0,10.0,0.0,2547.0,791.0,0.0,0.0,1415872.0
105,Hawaii,2020,12215.0,11246.0,0.0,2539.0,43.0,414.0,35.0,119.0,0.0,0.0,0.0,2669.0,844.0,281.0,247.0,1455271.0
106,Hawaii,2021,12859.0,11858.0,0.0,2541.0,122.0,406.0,0.0,158.0,0.0,11.0,0.0,2693.0,942.0,578.0,504.0,1464768.0
107,Hawaii,2022,9529.0,8896.0,0.0,1855.0,66.0,284.0,20.0,42.0,0.0,41.0,253.0,1986.0,594.0,457.0,282.0,1433336.0
108,Idaho,2014,12734.0,11554.0,0.0,2801.0,100.0,69.0,10.0,811.0,10.0,0.0,10.0,2709.0,565.0,0.0,0.0,1631112.0
109,Idaho,2015,12924.0,11743.0,0.0,2803.0,187.0,386.0,34.0,827.0,0.0,0.0,10.0,2804.0,545.0,0.0,0.0,1651059.0
110,Idaho,2016,13220.0,11924.0,0.0,2844.0,130.0,474.0,25.0,843.0,0.0,0.0,0.0,2950.0,610.0,0.0,0.0,1682380.0
111,Idaho,2017,13854.0,12508.0,0.0,3004.0,152.0,575.0,83.0,929.0,0.0,0.0,0.0,3035.0,640.0,0.0,0.0,1717715.0
112,Idaho,2018,14114.0,12729.0,0.0,3038.0,180.0,598.0,67.0,897.0,32.0,0.0,0.0,3077.0,665.0,0.0,0.0,1750536.0
113,Idaho,2019,14283.0,12895.0,0.0,2885.0,211.0,544.0,44.0,981.0,42.0,0.0,0.0,3025.0,653.0,0.0,0.0,1787065.0
114,Idaho,2020,16689.0,15150.0,0.0,3052.0,287.0,718.0,11.0,855.0,0.0,0.0,0.0,3249.0,760.0,1506.0,1332.0,1839106.0
115,Idaho,2021,18300.0,16636.0,0.0,3093.0,380.0,751.0,0.0,902.0,11.0,11.0,0.0,3408.0,724.0,2757.0,2437.0,1866258.0
116,Idaho,2022,12404.0,11309.0,0.0,2278.0,184.0,596.0,0.0,686.0,10.0,0.0,182.0,2450.0,517.0,852.0,588.0,1981332.0
117,Illinois,2014,104191.0,97339.0,1763.0,24480.0,2690.0,3321.0,2460.0,5567.0,1373.0,2461.0,1049.0,24796.0,5360.0,0.0,0.0,12884493.0
118,Illinois,2015,103381.0,96334.0,1713.0,24055.0,2735.0,3651.0,2235.0,5368.0,1428.0,2455.0,1016.0,24817.0,5526.0,0.0,0.0,12858913.0
119,Illinois,2016,103373.0,95331.0,1604.0,23753.0,2683.0,3832.0,2058.0,5455.0,1438.0,2397.0,1104.0,24174.0,5392.0,0.0,0.0,12820527.0
120,Illinois,2017,106161.0,97578.0,1719.0,23570.0,2843.0,3968.0,2326.0,5584.0,1507.0,2449.0,1112.0,24576.0,5789.0,0.0,0.0,12778828.0
121,Illinois,2018,106459.0,98005.0,1702.0,23298.0,2790.0,3976.0,2510.0,5463.0,1591.0,2559.0,1107.0,24909.0,5608.0,0.0,0.0,12723071.0
122,Illinois,2019,105409.0,96927.0,1615.0,23298.0,2742.0,3909.0,2057.0,5385.0,1412.0,2450.0,1194.0,24892.0,5897.0,0.0,0.0,12671821.0
123,Illinois,2020,130471.0,120539.0,1600.0,23689.0,3449.0,4664.0,2399.0,5364.0,1454.0,2611.0,1292.0,27103.0,6626.0,16932.0,15398.0,12812508.0
124,Illinois,2021,120576.0,110009.0,1606.0,23019.0,3305.0,3985.0,1634.0,4782.0,1482.0,2571.0,1325.0,25420.0,6496.0,11687.0,10540.0,12810696.0
125,Illinois,2022,86171.0,79556.0,1197.0,16489.0,2360.0,2871.0,1205.0,3616.0,1150.0,2014.0,2090.0,18413.0,4640.0,7405.0,6052.0,12518144.0
126,Indiana,2014,62622.0,58068.0,1072.0,13703.0,1898.0,2251.0,1120.0,4219.0,976.0,1478.0,160.0,14231.0,3175.0,0.0,0.0,6593644.0
127,Indiana,2015,62923.0,58192.0,1175.0,13474.0,2054.0,2513.0,1009.0,4255.0,987.0,1489.0,217.0,14086.0,2913.0,0.0,0.0,6608422.0
128,Indiana,2016,63668.0,58461.0,1260.0,13344.0,2009.0,2677.0,960.0,4272.0,1184.0,1441.0,254.0,14047.0,3041.0,0.0,0.0,6634304.0
129,Indiana,2017,65825.0,60071.0,1314.0,13382.0,2138.0,2784.0,1054.0,4426.0,1138.0,1487.0,294.0,14568.0,3119.0,0.0,0.0,6658078.0
130,Indiana,2018,66066.0,60545.0,1234.0,13405.0,2114.0,2696.0,1101.0,4684.0,1119.0,1435.0,194.0,14714.0,3137.0,0.0,0.0,6695497.0
131,Indiana,2019,66229.0,60689.0,1211.0,13376.0,2072.0,2594.0,885.0,4707.0,1186.0,1422.0,205.0,14648.0,3375.0,0.0,0.0,6732219.0
132,Indiana,2020,80345.0,73733.0,1179.0,13862.0,2516.0,2866.0,1040.0,4662.0,1094.0,1514.0,196.0,15595.0,3371.0,9949.0,9028.0,6785528.0
133,Indiana,2021,79009.0,71696.0,931.0,13935.0,2581.0,2248.0,695.0,4299.0,1188.0,1441.0,224.0,15372.0,3452.0,9944.0,8772.0,6815701.0
134,Indiana,2022,54396.0,49691.0,572.0,9919.0,1797.0,1609.0,481.0,3237.0,837.0,1148.0,207.0,10983.0,2487.0,5063.0,4071.0,6831167.0
135,Iowa,2014,29484.0,27376.0,32.0,6535.0,1041.0,1346.0,443.0,1961.0,92.0,54.0,273.0,6674.0,1441.0,0.0,0.0,3109350.0
136,Iowa,2015,29169.0,27062.0,0.0,6456.0,1065.0,1335.0,370.0,1997.0,192.0,75.0,37.0,6700.0,1394.0,0.0,0.0,3120960.0
137,Iowa,2016,29128.0,26954.0,22.0,6334.0,839.0,1404.0,272.0,1968.0,197.0,81.0,66.0,6818.0,1380.0,0.0,0.0,3131371.0
138,Iowa,2017,30131.0,27982.0,79.0,6401.0,909.0,1596.0,366.0,1926.0,219.0,96.0,141.0,7102.0,1386.0,0.0,0.0,3141550.0
139,Iowa,2018,30112.0,28009.0,69.0,6382.0,876.0,1444.0,516.0,1857.0,216.0,118.0,51.0,7180.0,1421.0,0.0,0.0,3148618.0
140,Iowa,2019,30549.0,28308.0,125.0,6287.0,850.0,1346.0,412.0,1861.0,299.0,211.0,154.0,7442.0,1366.0,0.0,0.0,3155070.0
141,Iowa,2020,36161.0,33727.0,89.0,6286.0,1059.0,1481.0,374.0,1715.0,277.0,201.0,213.0,7549.0,1393.0,4828.0,4383.0,3190369.0
142,Iowa,2021,33886.0,31423.0,121.0,6209.0,1028.0,1192.0,154.0,1658.0,197.0,195.0,193.0,7696.0,1388.0,3459.0,2949.0,3204770.0
143,Iowa,2022,24218.0,22460.0,54.0,4584.0,710.0,982.0,97.0,1253.0,152.0,212.0,67.0,5602.0,996.0,1792.0,1348.0,3196911.0
144,Kansas,2014,25433.0,23411.0,97.0,5415.0,603.0,773.0,507.0,1648.0,43.0,374.0,176.0,5444.0,1307.0,0.0,0.0,2900475.0
145,Kansas,2015,25741.0,23666.0,93.0,5339.0,584.0,835.0,464.0,1671.0,107.0,388.0,108.0,5466.0,1276.0,0.0,0.0,2909011.0
146,Kansas,2016,25296.0,23172.0,80.0,5220.0,633.0,827.0,338.0,1620.0,132.0,300.0,134.0,5470.0,1275.0,0.0,0.0,2910844.0
147,Kansas,2017,26019.0,23704.0,35.0,5184.0,854.0,896.0,298.0,1768.0,155.0,315.0,97.0,5534.0,1255.0,0.0,0.0,2908718.0
148,Kansas,2018,26374.0,24142.0,46.0,5263.0,729.0,870.0,439.0,1773.0,182.0,325.0,195.0,5659.0,1206.0,0.0,0.0,2911359.0
149,Kansas,2019,26625.0,24426.0,31.0,5367.0,859.0,812.0,312.0,1732.0,164.0,405.0,253.0,5926.0,1213.0,0.0,0.0,2913314.0
150,Kansas,2020,31584.0,29037.0,68.0,5372.0,1044.0,966.0,324.0,1668.0,174.0,334.0,129.0,6196.0,1301.0,3561.0,3264.0,2937880.0
151,Kansas,2021,30932.0,28132.0,31.0,5227.0,911.0,784.0,169.0,1458.0,126.0,316.0,15.0,6146.0,1312.0,3755.0,3369.0,2946356.0
152,Kansas,2022,22248.0,20483.0,53.0,3798.0,696.0,629.0,78.0,1153.0,137.0,380.0,512.0,4429.0,921.0,1986.0,1649.0,2928419.0
153,Kentucky,2014,45329.0,41672.0,777.0,10506.0,1222.0,1528.0,1031.0,3282.0,735.0,996.0,314.0,10100.0,2017.0,0.0,0.0,4414349.0
154,Kentucky,2015,45944.0,41967.0,837.0,10297.0,1439.0,1677.0,939.0,3283.0,699.0,983.0,509.0,9965.0,2019.0,0.0,0.0,4425976.0
155,Kentucky,2016,47231.0,42933.0,871.0,10358.0,1486.0,1681.0,821.0,3434.0,779.0,1031.0,584.0,10390.0,2017.0,0.0,0.0,4438182.0
156,Kentucky,2017,47784.0,43376.0,955.0,10206.0,1487.0,1694.0,876.0,3463.0,810.0,1036.0,513.0,10242.0,2018.0,0.0,0.0,4452268.0
157,Kentucky,2018,48114.0,43967.0,906.0,10112.0,1505.0,1611.0,885.0,3375.0,926.0,1018.0,599.0,10582.0,2130.0,0.0,0.0,4461153.0
158,Kentucky,2019,48577.0,44395.0,921.0,9998.0,1600.0,1638.0,792.0,3482.0,936.0,995.0,612.0,10676.0,2227.0,0.0,0.0,4467673.0
159,Kentucky,2020,56554.0,51205.0,974.0,10363.0,1575.0,1712.0,840.0,3303.0,856.0,941.0,705.0,11465.0,2275.0,4707.0,4233.0,4505836.0
160,Kentucky,2021,60157.0,54432.0,940.0,10271.0,1750.0,1573.0,680.0,3249.0,876.0,1148.0,573.0,11643.0,2368.0,8627.0,7572.0,4522483.0
161,Kentucky,2022,40736.0,37065.0,721.0,7429.0,1155.0,1089.0,462.0,2282.0,654.0,901.0,422.0,8303.0,1623.0,4782.0,3567.0,4519315.0
162,Louisiana,2014,44906.0,41084.0,995.0,9622.0,1269.0,1697.0,797.0,2283.0,806.0,1233.0,486.0,10912.0,2284.0,0.0,0.0,4644013.0
163,Louisiana,2015,43720.0,39741.0,980.0,9375.0,1205.0,2022.0,679.0,2175.0,850.0,1162.0,474.0,10640.0,2306.0,0.0,0.0,4664628.0
164,Louisiana,2016,44133.0,40003.0,1001.0,9056.0,1315.0,2173.0,659.0,2218.0,909.0,1151.0,374.0,10947.0,2326.0,0.0,0.0,4678135.0
165,Louisiana,2017,45768.0,41435.0,1105.0,9479.0,1268.0,2172.0,723.0,2460.0,959.0,1054.0,437.0,11218.0,2465.0,0.0,0.0,4670560.0
166,Louisiana,2018,46036.0,41750.0,1129.0,9313.0,1456.0,2164.0,706.0,2341.0,996.0,1132.0,479.0,11346.0,2512.0,0.0,0.0,4659690.0
167,Louisiana,2019,45961.0,41491.0,1147.0,9422.0,1460.0,2151.0,561.0,2164.0,1043.0,1035.0,527.0,11302.0,2393.0,0.0,0.0,4648794.0
168,Louisiana,2020,57571.0,52017.0,1151.0,9316.0,1881.0,2465.0,722.0,2397.0,1154.0,1092.0,612.0,12399.0,2626.0,7131.0,6566.0,4657757.0
169,Louisiana,2021,57290.0,50896.0,1073.0,9143.0,1942.0,2094.0,574.0,2151.0,1091.0,1102.0,504.0,12538.0,2751.0,6859.0,6300.0,4670195.0
170,Louisiana,2022,37187.0,33285.0,771.0,6463.0,1200.0,1506.0,291.0,1557.0,699.0,778.0,277.0,8807.0,1948.0,2706.0,2067.0,4576882.0
171,Maine,2014,13606.0,12615.0,0.0,3209.0,192.0,140.0,34.0,896.0,0.0,0.0,0.0,2812.0,491.0,0.0,0.0,1330513.0
172,Maine,2015,14246.0,13138.0,0.0,3324.0,142.0,371.0,152.0,1001.0,11.0,10.0,0.0,3001.0,495.0,0.0,0.0,1328262.0
173,Maine,2016,13995.0,12795.0,0.0,3243.0,252.0,437.0,30.0,903.0,11.0,20.0,0.0,2865.0,580.0,0.0,0.0,1331317.0
174,Maine,2017,14442.0,13116.0,0.0,3335.0,151.0,465.0,80.0,957.0,0.0,30.0,0.0,2797.0,693.0,0.0,0.0,1334612.0
175,Maine,2018,14507.0,13178.0,0.0,3225.0,267.0,463.0,101.0,916.0,21.0,10.0,0.0,2929.0,610.0,0.0,0.0,1339057.0
176,Maine,2019,14819.0,13464.0,0.0,3332.0,296.0,399.0,78.0,1015.0,12.0,10.0,0.0,2921.0,546.0,0.0,0.0,1344212.0
177,Maine,2020,15859.0,14365.0,0.0,3432.0,303.0,461.0,39.0,868.0,11.0,0.0,0.0,3082.0,628.0,359.0,312.0,1362359.0
178,Maine,2021,17095.0,15440.0,0.0,3357.0,404.0,362.0,0.0,865.0,32.0,21.0,0.0,3352.0,544.0,1375.0,1226.0,1365759.0
179,Maine,2022,12274.0,11147.0,0.0,2462.0,329.0,273.0,0.0,581.0,32.0,11.0,111.0,2551.0,384.0,747.0,517.0,1381441.0
180,Maryland,2014,46782.0,43221.0,1060.0,10892.0,1329.0,979.0,1074.0,1958.0,387.0,753.0,0.0,11460.0,2478.0,0.0,0.0,5957283.0
181,Maryland,2015,46891.0,42928.0,934.0,10454.0,1241.0,1101.0,1179.0,2033.0,405.0,787.0,0.0,11446.0,2469.0,0.0,0.0,5985562.0
182,Maryland,2016,48321.0,43449.0,912.0,10724.0,1344.0,1200.0,1036.0,2056.0,454.0,811.0,0.0,11328.0,2631.0,0.0,0.0,6003323.0
183,Maryland,2017,49388.0,44158.0,882.0,10655.0,1451.0,1211.0,980.0,2063.0,469.0,815.0,0.0,11514.0,2716.0,0.0,0.0,6023868.0
184,Maryland,2018,50018.0,44770.0,892.0,10844.0,1420.0,1120.0,918.0,2226.0,511.0,846.0,0.0,11534.0,2811.0,0.0,0.0,6035802.0
185,Maryland,2019,50231.0,44825.0,826.0,10732.0,1499.0,1044.0,744.0,2141.0,474.0,693.0,0.0,11648.0,2937.0,0.0,0.0,6045680.0
186,Maryland,2020,60526.0,54521.0,922.0,10940.0,1793.0,1192.0,887.0,2097.0,422.0,685.0,10.0,12795.0,3111.0,6816.0,6095.0,6177224.0
187,Maryland,2021,57251.0,51271.0,884.0,10417.0,1753.0,1125.0,486.0,1793.0,463.0,646.0,44.0,12013.0,3291.0,6054.0,5202.0,6217591.0
188,Maryland,2022,40149.0,36334.0,675.0,7843.0,1221.0,817.0,367.0,1320.0,323.0,480.0,295.0,8528.0,2404.0,3577.0,2595.0,6157731.0
189,Massachusetts,2014,57029.0,53538.0,854.0,13349.0,1235.0,1727.0,1451.0,2659.0,808.0,1272.0,1425.0,12109.0,2526.0,0.0,0.0,6762596.0
190,Massachusetts,2015,58445.0,54393.0,904.0,13051.0,1399.0,1797.0,1532.0,2785.0,849.0,1249.0,1202.0,12168.0,2473.0,0.0,0.0,6794228.0
191,Massachusetts,2016,57472.0,52854.0,885.0,12985.0,1257.0,1691.0,1274.0,2684.0,812.0,1165.0,1005.0,11938.0,2478.0,0.0,0.0,6823608.0
192,Massachusetts,2017,59434.0,54755.0,879.0,13243.0,1330.0,1837.0,1462.0,2852.0,952.0,1201.0,1084.0,12224.0,2382.0,0.0,0.0,6859789.0
193,Massachusetts,2018,59800.0,54880.0,999.0,12923.0,1388.0,1833.0,1478.0,2771.0,1064.0,1195.0,870.0,12121.0,2438.0,0.0,0.0,6882635.0
194,Massachusetts,2019,59264.0,54323.0,948.0,12899.0,1370.0,1651.0,1234.0,2872.0,1037.0,1321.0,821.0,11836.0,2455.0,0.0,0.0,6892503.0
195,Massachusetts,2020,69916.0,64770.0,925.0,12889.0,1577.0,1746.0,1314.0,2587.0,988.0,1267.0,680.0,11979.0,2319.0,10322.0,9504.0,7029917.0
196,Massachusetts,2021,63746.0,58250.0,879.0,12728.0,1550.0,1539.0,789.0,2416.0,1040.0,1250.0,747.0,12024.0,2269.0,5491.0,4877.0,7078146.0
197,Massachusetts,2022,46255.0,42946.0,682.0,9188.0,1095.0,1111.0,600.0,1686.0,773.0,1023.0,1860.0,8751.0,1667.0,3424.0,2596.0,6962372.0
198,Michigan,2014,94340.0,87606.0,1225.0,21220.0,2883.0,3408.0,1918.0,5372.0,1190.0,1847.0,348.0,24871.0,4559.0,0.0,0.0,9929848.0
199,Michigan,2015,93444.0,86494.0,1215.0,20418.0,2704.0,3737.0,1820.0,5757.0,1205.0,1893.0,343.0,24329.0,4563.0,0.0,0.0,9931715.0
200,Michigan,2016,94275.0,86707.0,1198.0,20506.0,2622.0,4197.0,1646.0,5477.0,1168.0,1748.0,363.0,24769.0,4776.0,0.0,0.0,9950571.0
201,Michigan,2017,95874.0,87851.0,1209.0,20330.0,2754.0,4385.0,1765.0,5602.0,1218.0,1842.0,553.0,24762.0,4890.0,0.0,0.0,9973114.0
202,Michigan,2018,97234.0,89174.0,1231.0,20683.0,2785.0,4455.0,1829.0,5699.0,1284.0,1891.0,433.0,24972.0,5057.0,0.0,0.0,9984072.0
203,Michigan,2019,97397.0,89531.0,1131.0,20567.0,2867.0,4452.0,1636.0,5686.0,1315.0,1830.0,497.0,25105.0,5067.0,0.0,0.0,9986857.0
204,Michigan,2020,117064.0,108130.0,1275.0,21176.0,3418.0,4921.0,1873.0,5654.0,1229.0,1932.0,551.0,27119.0,5874.0,12493.0,11391.0,10077331.0
205,Michigan,2021,115708.0,106423.0,1222.0,20925.0,3383.0,4173.0,1297.0,5134.0,1205.0,1931.0,644.0,26269.0,5686.0,14879.0,13260.0,10096700.0
206,Michigan,2022,78541.0,72808.0,922.0,15041.0,2381.0,2998.0,933.0,3618.0,939.0,1489.0,1526.0,18923.0,4184.0,6439.0,4819.0,10032720.0
207,Minnesota,2014,42222.0,38902.0,161.0,9921.0,1218.0,1659.0,502.0,2286.0,428.0,619.0,1066.0,7756.0,2240.0,0.0,0.0,5451079.0
208,Minnesota,2015,42497.0,38962.0,199.0,9925.0,1212.0,1775.0,591.0,2335.0,523.0,559.0,1035.0,7779.0,2201.0,0.0,0.0,5482032.0
209,Minnesota,2016,42829.0,39219.0,149.0,9896.0,1266.0,2187.0,310.0,2338.0,522.0,463.0,1107.0,7743.0,2151.0,0.0,0.0,5522744.0
210,Minnesota,2017,44101.0,40282.0,108.0,9953.0,1312.0,2452.0,521.0,2453.0,561.0,349.0,1050.0,8122.0,2205.0,0.0,0.0,5566230.0
211,Minnesota,2018,44583.0,40826.0,197.0,9980.0,1292.0,2432.0,486.0,2331.0,631.0,494.0,976.0,8339.0,2234.0,0.0,0.0,5606249.0
212,Minnesota,2019,45219.0,41263.0,164.0,10076.0,1383.0,2543.0,341.0,2264.0,522.0,326.0,1077.0,8313.0,2343.0,0.0,0.0,5639632.0
213,Minnesota,2020,52926.0,48414.0,258.0,10212.0,1499.0,2623.0,345.0,2229.0,578.0,337.0,1132.0,8664.0,2307.0,5915.0,5176.0,5706494.0
214,Minnesota,2021,51280.0,46352.0,261.0,10298.0,1564.0,2225.0,116.0,2066.0,626.0,313.0,1152.0,8474.0,2359.0,5129.0,4258.0,5746751.0
215,Minnesota,2022,36245.0,32889.0,221.0,7462.0,1062.0,1632.0,126.0,1506.0,438.0,331.0,838.0,6516.0,1718.0,2586.0,1780.0,5702253.0
216,Mississippi,2014,30297.0,27830.0,482.0,6441.0,1017.0,1107.0,700.0,1739.0,280.0,666.0,107.0,7570.0,1533.0,0.0,0.0,2990468.0
217,Mississippi,2015,30871.0,28287.0,527.0,6294.0,1079.0,1388.0,702.0,1889.0,278.0,646.0,168.0,7788.0,1640.0,0.0,0.0,2988471.0
218,Mississippi,2016,30824.0,28291.0,486.0,6369.0,1071.0,1480.0,691.0,2088.0,292.0,747.0,234.0,7683.0,1621.0,0.0,0.0,2987938.0
219,Mississippi,2017,31328.0,28811.0,369.0,6369.0,1174.0,1619.0,702.0,2014.0,380.0,703.0,217.0,7787.0,1609.0,0.0,0.0,2988510.0
220,Mississippi,2018,31594.0,29017.0,209.0,6332.0,1082.0,1560.0,887.0,2124.0,390.0,755.0,205.0,7633.0,1687.0,0.0,0.0,2981020.0
221,Mississippi,2019,31934.0,29227.0,112.0,6425.0,1156.0,1659.0,745.0,2066.0,261.0,718.0,44.0,7857.0,1745.0,0.0,0.0,2976149.0
222,Mississippi,2020,39893.0,36651.0,42.0,6515.0,1454.0,2041.0,879.0,2233.0,260.0,788.0,31.0,8788.0,1854.0,5244.0,4645.0,2961279.0
223,Mississippi,2021,40120.0,36593.0,53.0,6471.0,1490.0,1672.0,633.0,2136.0,212.0,665.0,43.0,8722.0,1871.0,5829.0,5035.0,2960677.0
224,Mississippi,2022,26856.0,24635.0,11.0,4675.0,929.0,1226.0,389.0,1542.0,94.0,503.0,164.0,6288.0,1342.0,2824.0,2035.0,2940820.0
225,Missouri,2014,61417.0,56374.0,854.0,13714.0,1452.0,2101.0,1419.0,3899.0,885.0,1554.0,173.0,14997.0,3277.0,0.0,0.0,6056202.0
226,Missouri,2015,61644.0,56366.0,912.0,13420.0,1477.0,2195.0,1365.0,3972.0,995.0,1540.0,207.0,15073.0,3183.0,0.0,0.0,6071732.0
227,Missouri,2016,61519.0,55846.0,842.0,13087.0,1533.0,2297.0,1173.0,3995.0,1135.0,1569.0,242.0,14834.0,3244.0,0.0,0.0,6087135.0
228,Missouri,2017,63984.0,58030.0,918.0,13453.0,1621.0,2543.0,1330.0,4018.0,1241.0,1593.0,226.0,15133.0,3384.0,0.0,0.0,6106670.0
229,Missouri,2018,65345.0,59066.0,922.0,13530.0,1646.0,2646.0,1515.0,4039.0,1242.0,1598.0,339.0,15239.0,3242.0,0.0,0.0,6121623.0
230,Missouri,2019,64536.0,58421.0,961.0,13353.0,1661.0,2787.0,1100.0,3839.0,1350.0,1541.0,343.0,15340.0,3237.0,0.0,0.0,6137428.0
231,Missouri,2020,77352.0,70451.0,1019.0,13608.0,1872.0,2938.0,1220.0,3955.0,1608.0,1761.0,465.0,16514.0,3530.0,8193.0,7470.0,6154913.0
232,Missouri,2021,76224.0,69063.0,1079.0,13552.0,1898.0,2520.0,914.0,3667.0,1428.0,1616.0,519.0,16048.0,3355.0,8851.0,8091.0,6171512.0
233,Missouri,2022,52476.0,47952.0,743.0,9615.0,1332.0,1867.0,696.0,2709.0,820.0,1278.0,101.0,11719.0,2357.0,4573.0,3828.0,6180523.0
234,Montana,2014,9586.0,8632.0,0.0,2076.0,21.0,10.0,10.0,599.0,0.0,11.0,0.0,2007.0,268.0,0.0,0.0,1021869.0
235,Montana,2015,9844.0,8846.0,0.0,2107.0,86.0,20.0,11.0,619.0,0.0,0.0,0.0,2112.0,258.0,0.0,0.0,1030475.0
236,Montana,2016,9878.0,8879.0,0.0,2004.0,33.0,45.0,15.0,672.0,0.0,0.0,10.0,2133.0,237.0,0.0,0.0,1040859.0
237,Montana,2017,10221.0,9216.0,0.0,2116.0,31.0,12.0,44.0,695.0,0.0,0.0,0.0,2184.0,290.0,0.0,0.0,1052482.0
238,Montana,2018,9951.0,8981.0,0.0,2004.0,0.0,33.0,23.0,649.0,0.0,0.0,0.0,2353.0,187.0,0.0,0.0,1060665.0
239,Montana,2019,10382.0,9325.0,0.0,2081.0,20.0,79.0,11.0,738.0,0.0,0.0,0.0,2304.0,126.0,0.0,0.0,1068778.0
240,Montana,2020,12177.0,10999.0,0.0,2146.0,94.0,91.0,21.0,576.0,0.0,0.0,0.0,2453.0,223.0,1233.0,1084.0,1084225.0
241,Montana,2021,12748.0,11425.0,0.0,2158.0,79.0,43.0,0.0,433.0,11.0,0.0,0.0,2542.0,213.0,1736.0,1530.0,1093706.0
242,Montana,2022,8590.0,7723.0,0.0,1592.0,22.0,43.0,0.0,355.0,0.0,0.0,0.0,1814.0,106.0,489.0,331.0,1125473.0
243,Nebraska,2014,16478.0,15324.0,0.0,3588.0,297.0,368.0,144.0,1135.0,0.0,20.0,176.0,3390.0,766.0,0.0,0.0,1879321.0
244,Nebraska,2015,16882.0,15753.0,0.0,3524.0,392.0,502.0,215.0,1179.0,10.0,20.0,131.0,3611.0,768.0,0.0,0.0,1891277.0
245,Nebraska,2016,16296.0,15153.0,10.0,3491.0,295.0,516.0,133.0,1124.0,11.0,21.0,80.0,3322.0,763.0,0.0,0.0,1905616.0
246,Nebraska,2017,17023.0,15803.0,0.0,3531.0,419.0,617.0,195.0,1227.0,11.0,0.0,0.0,3591.0,724.0,0.0,0.0,1915947.0
247,Nebraska,2018,17103.0,15934.0,0.0,3567.0,507.0,627.0,201.0,1160.0,67.0,10.0,0.0,3536.0,740.0,0.0,0.0,1925614.0
248,Nebraska,2019,17138.0,15861.0,0.0,3519.0,375.0,725.0,109.0,1121.0,21.0,0.0,21.0,3551.0,756.0,0.0,0.0,1934408.0
249,Nebraska,2020,19981.0,18617.0,0.0,3639.0,526.0,786.0,72.0,1093.0,0.0,10.0,10.0,3594.0,887.0,2262.0,2023.0,1961504.0
250,Nebraska,2021,19036.0,17689.0,0.0,3593.0,462.0,588.0,10.0,955.0,10.0,10.0,0.0,3781.0,830.0,1858.0,1548.0,1975020.0
251,Nebraska,2022,13399.0,12426.0,12.0,2488.0,288.0,511.0,20.0,635.0,0.0,0.0,68.0,2691.0,573.0,936.0,603.0,1966441.0
252,Nevada,2014,22784.0,20670.0,12.0,5104.0,106.0,489.0,708.0,1563.0,0.0,130.0,10.0,6084.0,1022.0,0.0,0.0,2817628.0
253,Nevada,2015,23461.0,21148.0,0.0,4962.0,196.0,860.0,567.0,1642.0,0.0,63.0,0.0,6330.0,1143.0,0.0,0.0,2866939.0
254,Nevada,2016,24399.0,21938.0,0.0,5171.0,482.0,627.0,440.0,1792.0,0.0,41.0,0.0,6627.0,1149.0,0.0,0.0,2917563.0
255,Nevada,2017,25414.0,22743.0,0.0,5274.0,511.0,746.0,618.0,1683.0,0.0,10.0,0.0,6671.0,1203.0,0.0,0.0,2969905.0
256,Nevada,2018,25325.0,22649.0,31.0,5171.0,652.0,654.0,400.0,1665.0,21.0,54.0,20.0,6612.0,1272.0,0.0,0.0,3027341.0
257,Nevada,2019,26222.0,23715.0,0.0,5374.0,849.0,609.0,262.0,1692.0,0.0,42.0,23.0,7090.0,1367.0,0.0,0.0,3080156.0
258,Nevada,2020,31862.0,28887.0,0.0,5489.0,925.0,941.0,325.0,1711.0,13.0,71.0,57.0,7592.0,1551.0,3594.0,3362.0,3104614.0
259,Nevada,2021,33830.0,30435.0,12.0,5226.0,876.0,774.0,299.0,1471.0,11.0,57.0,62.0,7596.0,1521.0,5591.0,5261.0,3145020.0
260,Nevada,2022,23331.0,21122.0,20.0,3916.0,606.0,612.0,287.0,1166.0,0.0,23.0,522.0,5489.0,1090.0,2333.0,1940.0,3201212.0
261,New Hampshire,2014,11415.0,10373.0,0.0,2650.0,20.0,164.0,10.0,605.0,0.0,0.0,0.0,2477.0,209.0,0.0,0.0,1333341.0
262,New Hampshire,2015,11668.0,10580.0,0.0,2625.0,47.0,228.0,65.0,667.0,0.0,0.0,0.0,2522.0,243.0,0.0,0.0,1336350.0
263,New Hampshire,2016,11819.0,10638.0,0.0,2745.0,45.0,186.0,0.0,630.0,10.0,0.0,0.0,2567.0,262.0,0.0,0.0,1342307.0
264,New Hampshire,2017,12242.0,11007.0,0.0,2646.0,63.0,174.0,12.0,707.0,10.0,0.0,0.0,2700.0,278.0,0.0,0.0,1348787.0
265,New Hampshire,2018,12459.0,11165.0,0.0,2616.0,0.0,311.0,88.0,707.0,0.0,10.0,0.0,2708.0,265.0,0.0,0.0,1353465.0
266,New Hampshire,2019,12363.0,11158.0,0.0,2666.0,82.0,291.0,41.0,668.0,0.0,0.0,0.0,2691.0,305.0,0.0,0.0,1359711.0
267,New Hampshire,2020,13740.0,12550.0,0.0,2769.0,90.0,318.0,22.0,565.0,0.0,11.0,0.0,2877.0,430.0,780.0,684.0,1377529.0
268,New Hampshire,2021,13802.0,12600.0,0.0,2735.0,140.0,185.0,0.0,602.0,0.0,0.0,0.0,2803.0,359.0,1088.0,941.0,1383635.0
269,New Hampshire,2022,10330.0,9481.0,0.0,1997.0,155.0,144.0,0.0,527.0,0.0,0.0,169.0,2138.0,293.0,499.0,332.0,1405243.0
270,New Jersey,2014,71272.0,67048.0,1793.0,16474.0,2085.0,1989.0,1223.0,3096.0,1516.0,1512.0,890.0,18376.0,3424.0,0.0,0.0,8864525.0
271,New Jersey,2015,70807.0,66413.0,1934.0,15897.0,1906.0,2254.0,1347.0,3157.0,1704.0,1560.0,1006.0,18376.0,3322.0,0.0,0.0,8867949.0
272,New Jersey,2016,71550.0,66609.0,1880.0,15929.0,1937.0,2413.0,1169.0,3034.0,1745.0,1520.0,1129.0,18278.0,3299.0,0.0,0.0,8870827.0
273,New Jersey,2017,73589.0,67932.0,1892.0,15943.0,1899.0,2815.0,1291.0,3221.0,1601.0,1586.0,1009.0,18622.0,3430.0,0.0,0.0,8885525.0
274,New Jersey,2018,74511.0,68710.0,1947.0,15650.0,1859.0,2723.0,1433.0,3184.0,1714.0,1685.0,1115.0,18781.0,3353.0,0.0,0.0,8886025.0
275,New Jersey,2019,73867.0,68156.0,1992.0,15467.0,1907.0,2632.0,1255.0,3047.0,1723.0,1625.0,1172.0,18469.0,3472.0,0.0,0.0,8882190.0
276,New Jersey,2020,96836.0,90857.0,2097.0,15639.0,2477.0,2731.0,1674.0,3013.0,2155.0,1691.0,1273.0,19898.0,3723.0,18335.0,16828.0,9288994.0
277,New Jersey,2021,83290.0,77037.0,2023.0,15250.0,2031.0,2402.0,1146.0,2472.0,1862.0,1656.0,1220.0,18413.0,3715.0,9492.0,8388.0,9338704.0
278,New Jersey,2022,58737.0,54960.0,1466.0,11013.0,1520.0,1670.0,741.0,1874.0,1294.0,1275.0,1895.0,13300.0,2576.0,5427.0,4207.0,9242109.0
279,New Mexico,2014,17260.0,15050.0,0.0,3395.0,582.0,217.0,144.0,1130.0,0.0,21.0,0.0,3393.0,719.0,0.0,0.0,2089568.0
280,New Mexico,2015,16963.0,14851.0,0.0,3439.0,468.0,289.0,79.0,1072.0,11.0,10.0,0.0,3413.0,733.0,0.0,0.0,2089291.0
281,New Mexico,2016,17642.0,15451.0,0.0,3435.0,567.0,418.0,115.0,1098.0,0.0,31.0,0.0,3669.0,776.0,0.0,0.0,2091630.0
282,New Mexico,2017,17971.0,15741.0,11.0,3500.0,550.0,398.0,109.0,1102.0,20.0,33.0,10.0,3795.0,803.0,0.0,0.0,2091784.0
283,New Mexico,2018,18354.0,16042.0,0.0,3542.0,544.0,455.0,155.0,1139.0,33.0,50.0,0.0,3870.0,745.0,0.0,0.0,2092741.0
284,New Mexico,2019,18784.0,16289.0,10.0,3482.0,571.0,399.0,88.0,1084.0,10.0,68.0,0.0,4130.0,761.0,0.0,0.0,2096829.0
285,New Mexico,2020,23449.0,20723.0,0.0,3590.0,755.0,682.0,144.0,1142.0,44.0,59.0,0.0,4262.0,890.0,2919.0,2750.0,2117522.0
286,New Mexico,2021,24513.0,21352.0,0.0,3719.0,791.0,508.0,32.0,1001.0,130.0,79.0,0.0,4110.0,889.0,3668.0,3287.0,2123356.0
287,New Mexico,2022,16210.0,14341.0,13.0,2539.0,519.0,435.0,30.0,736.0,85.0,64.0,382.0,2935.0,702.0,1570.0,1226.0,2113550.0
288,New York,2014,97312.0,91451.0,2047.0,22315.0,2265.0,1816.0,2500.0,4988.0,1352.0,1693.0,950.0,26846.0,4387.0,0.0,0.0,19651049.0
289,New York,2015,97838.0,91736.0,2068.0,21700.0,2145.0,2011.0,2704.0,5212.0,1380.0,1741.0,1169.0,26906.0,4300.0,0.0,0.0,19654666.0
290,New York,2016,97976.0,91251.0,2017.0,21722.0,2195.0,2151.0,2435.0,5054.0,1339.0,1875.0,1419.0,26378.0,4241.0,0.0,0.0,19633428.0
291,New York,2017,99371.0,92479.0,1734.0,21630.0,2337.0,2307.0,2469.0,5401.0,1513.0,1846.0,1384.0,26252.0,4180.0,0.0,0.0,19589572.0
292,New York,2018,100301.0,93599.0,1308.0,21446.0,2515.0,2474.0,2690.0,5381.0,1747.0,1906.0,1442.0,26313.0,4213.0,0.0,0.0,19530351.0
293,New York,2019,100060.0,93559.0,1248.0,21171.0,2620.0,2511.0,2579.0,5200.0,1978.0,1963.0,1795.0,25606.0,4192.0,0.0,0.0,19453561.0
294,New York,2020,121198.0,113460.0,1207.0,21489.0,3220.0,2721.0,2610.0,4861.0,2120.0,1959.0,1504.0,27294.0,4195.0,16487.0,15167.0,20201249.0
295,New York,2021,115571.0,107493.0,1299.0,21001.0,3054.0,2365.0,2135.0,4432.0,2194.0,1793.0,1887.0,25419.0,4387.0,14567.0,12915.0,20283564.0
296,New York,2022,80417.0,75198.0,1034.0,15390.0,2134.0,1564.0,1582.0,3184.0,1752.0,1314.0,2323.0,18390.0,3065.0,7142.0,5404.0,19415392.0
306,North Carolina,2014,87780.0,81060.0,1417.0,19903.0,2761.0,3327.0,1980.0,5161.0,1166.0,1852.0,501.0,18039.0,4834.0,0.0,0.0,9932887.0
307,North Carolina,2015,89545.0,82450.0,1573.0,19550.0,2737.0,3807.0,2118.0,5234.0,1325.0,1837.0,576.0,18513.0,5025.0,0.0,0.0,10031646.0
308,North Carolina,2016,90816.0,83043.0,1561.0,19726.0,2801.0,4143.0,1896.0,5328.0,1395.0,2042.0,674.0,18249.0,4976.0,0.0,0.0,10154788.0
309,North Carolina,2017,93641.0,85251.0,1513.0,19715.0,2902.0,4294.0,2084.0,5553.0,1589.0,2052.0,860.0,18870.0,5098.0,0.0,0.0,10268233.0
310,North Carolina,2018,94459.0,86076.0,1550.0,19952.0,3007.0,4506.0,2064.0,5361.0,1508.0,1960.0,823.0,19270.0,5061.0,0.0,0.0,10381615.0
311,North Carolina,2019,96303.0,87785.0,1548.0,20205.0,3133.0,4512.0,1741.0,5425.0,1586.0,2154.0,1029.0,19630.0,5221.0,0.0,0.0,10488084.0
312,North Carolina,2020,111762.0,101465.0,1644.0,20490.0,3617.0,4777.0,1858.0,5277.0,1674.0,2144.0,905.0,20784.0,5833.0,9013.0,8132.0,10439388.0
313,North Carolina,2021,118434.0,107216.0,1680.0,20414.0,3938.0,4257.0,1544.0,4728.0,1715.0,2251.0,1216.0,21429.0,5692.0,15037.0,13612.0,10529778.0
314,North Carolina,2022,80371.0,73804.0,1037.0,14639.0,2624.0,3043.0,845.0,3610.0,1261.0,1553.0,2681.0,14974.0,4292.0,7018.0,5487.0,10678831.0
315,North Dakota,2014,6912.0,6276.0,0.0,1388.0,0.0,86.0,14.0,101.0,0.0,0.0,0.0,1530.0,89.0,0.0,0.0,737401.0
316,North Dakota,2015,6839.0,6205.0,0.0,1406.0,0.0,130.0,34.0,142.0,0.0,0.0,0.0,1422.0,129.0,0.0,0.0,754066.0
317,North Dakota,2016,6761.0,6163.0,0.0,1357.0,0.0,105.0,0.0,100.0,0.0,0.0,0.0,1433.0,136.0,0.0,0.0,754434.0
318,North Dakota,2017,7065.0,6458.0,0.0,1367.0,0.0,90.0,11.0,155.0,0.0,0.0,0.0,1438.0,132.0,0.0,0.0,754942.0
319,North Dakota,2018,6997.0,6395.0,0.0,1398.0,23.0,111.0,20.0,67.0,0.0,0.0,0.0,1459.0,147.0,0.0,0.0,758080.0
320,North Dakota,2019,7366.0,6708.0,0.0,1415.0,14.0,190.0,0.0,135.0,0.0,0.0,0.0,1585.0,98.0,0.0,0.0,762062.0
321,North Dakota,2020,8956.0,8229.0,0.0,1398.0,11.0,168.0,21.0,100.0,0.0,0.0,0.0,1578.0,108.0,1430.0,1283.0,779094.0
322,North Dakota,2021,8069.0,7330.0,0.0,1344.0,11.0,79.0,0.0,69.0,0.0,0.0,0.0,1550.0,63.0,813.0,686.0,789744.0
323,North Dakota,2022,5530.0,5044.0,0.0,948.0,35.0,35.0,0.0,55.0,0.0,0.0,0.0,1160.0,62.0,349.0,239.0,770221.0
324,Ohio,2014,116734.0,108116.0,1755.0,25752.0,3708.0,4210.0,2548.0,6904.0,1720.0,2030.0,1236.0,27454.0,5931.0,0.0,0.0,11602700.0
325,Ohio,2015,117511.0,108202.0,1945.0,25275.0,3610.0,4644.0,2376.0,7128.0,1747.0,2094.0,1351.0,27847.0,5885.0,0.0,0.0,11617527.0
326,Ohio,2016,118864.0,108268.0,1957.0,25367.0,3530.0,5038.0,2174.0,6957.0,1798.0,2243.0,1482.0,27214.0,5947.0,0.0,0.0,11634370.0
327,Ohio,2017,123411.0,111601.0,2079.0,25594.0,3722.0,5162.0,2230.0,7250.0,2044.0,2207.0,1669.0,27896.0,6405.0,0.0,0.0,11659650.0
328,Ohio,2018,124211.0,113598.0,2042.0,25135.0,3848.0,5422.0,2385.0,7527.0,2137.0,2182.0,1852.0,29105.0,6563.0,0.0,0.0,11676341.0
329,Ohio,2019,123295.0,112129.0,1897.0,25192.0,3832.0,5248.0,1900.0,7153.0,2046.0,2147.0,1677.0,28898.0,6492.0,0.0,0.0,11689100.0
330,Ohio,2020,146122.0,133564.0,2073.0,25324.0,4439.0,6077.0,2076.0,7111.0,2231.0,2216.0,1812.0,31013.0,7180.0,15417.0,13906.0,11799448.0
331,Ohio,2021,146963.0,133946.0,2071.0,25046.0,4458.0,4978.0,1645.0,6399.0,2237.0,2269.0,1604.0,30435.0,7205.0,20344.0,18008.0,11825742.0
332,Ohio,2022,99672.0,91557.0,1412.0,17699.0,3041.0,3500.0,1156.0,4725.0,1656.0,1820.0,2395.0,21328.0,5186.0,9981.0,7961.0,11767059.0
333,Oklahoma,2014,38163.0,34596.0,279.0,7896.0,1266.0,1224.0,558.0,2761.0,90.0,443.0,0.0,9823.0,1825.0,0.0,0.0,3878187.0
334,Oklahoma,2015,38198.0,34586.0,106.0,8047.0,1425.0,1473.0,488.0,2826.0,87.0,435.0,0.0,10057.0,1802.0,0.0,0.0,3909500.0
335,Oklahoma,2016,37914.0,34110.0,226.0,7872.0,1352.0,1551.0,352.0,2689.0,91.0,321.0,10.0,9951.0,1767.0,0.0,0.0,3926331.0
336,Oklahoma,2017,39185.0,35471.0,160.0,7980.0,1366.0,1723.0,447.0,2934.0,165.0,189.0,0.0,10537.0,1862.0,0.0,0.0,3931316.0
337,Oklahoma,2018,39776.0,35973.0,162.0,8232.0,1304.0,1713.0,631.0,2935.0,164.0,178.0,10.0,10382.0,1803.0,0.0,0.0,3940235.0
338,Oklahoma,2019,39591.0,35957.0,97.0,8062.0,1258.0,1746.0,440.0,2903.0,57.0,270.0,0.0,10709.0,1743.0,0.0,0.0,3956971.0
339,Oklahoma,2020,47151.0,43146.0,205.0,8293.0,1537.0,1831.0,488.0,2906.0,109.0,273.0,12.0,11733.0,1880.0,5374.0,4664.0,3959353.0
340,Oklahoma,2021,48925.0,44593.0,101.0,8116.0,1575.0,1543.0,303.0,2772.0,126.0,247.0,22.0,11904.0,1845.0,7742.0,6665.0,3980153.0
341,Oklahoma,2022,33914.0,31389.0,33.0,5904.0,1083.0,1149.0,244.0,2105.0,90.0,156.0,1321.0,8365.0,1310.0,3897.0,2783.0,4018931.0
342,Oregon,2014,34696.0,31838.0,0.0,7965.0,1098.0,1433.0,230.0,1982.0,264.0,142.0,471.0,6614.0,1856.0,0.0,0.0,3963244.0
343,Oregon,2015,35589.0,32594.0,0.0,8078.0,1137.0,1647.0,214.0,2087.0,182.0,131.0,341.0,6845.0,1871.0,0.0,0.0,4015792.0
344,Oregon,2016,35683.0,32559.0,12.0,8052.0,1229.0,1783.0,256.0,2066.0,173.0,111.0,250.0,6941.0,1949.0,0.0,0.0,4089976.0
345,Oregon,2017,36567.0,33356.0,21.0,8048.0,1221.0,1836.0,383.0,2057.0,229.0,149.0,218.0,6906.0,2049.0,0.0,0.0,4143625.0
346,Oregon,2018,36048.0,32830.0,0.0,8079.0,1235.0,1864.0,365.0,1886.0,241.0,121.0,239.0,6714.0,2015.0,0.0,0.0,4181886.0
347,Oregon,2019,37266.0,33850.0,14.0,8057.0,1261.0,1991.0,282.0,2085.0,320.0,197.0,249.0,7059.0,2123.0,0.0,0.0,4217737.0
348,Oregon,2020,40851.0,37130.0,10.0,8377.0,1373.0,2042.0,225.0,1975.0,332.0,129.0,443.0,7490.0,2260.0,1633.0,1416.0,4237256.0
349,Oregon,2021,44877.0,40394.0,0.0,8560.0,1422.0,2037.0,23.0,1880.0,348.0,139.0,564.0,7787.0,2343.0,4159.0,3648.0,4277874.0
350,Oregon,2022,31587.0,28903.0,52.0,6111.0,1024.0,1412.0,33.0,1343.0,233.0,207.0,982.0,5595.0,1853.0,2275.0,1585.0,4259743.0
351,Pennsylvania,2014,132099.0,122515.0,2392.0,29491.0,3866.0,3545.0,2666.0,6556.0,2146.0,2875.0,2526.0,32151.0,6746.0,0.0,0.0,12788313.0
352,Pennsylvania,2015,133062.0,122885.0,2376.0,28822.0,3769.0,3999.0,2861.0,6665.0,2210.0,3047.0,2582.0,31992.0,7020.0,0.0,0.0,12784826.0
353,Pennsylvania,2016,133680.0,122199.0,2471.0,28694.0,3547.0,4152.0,2493.0,6498.0,2211.0,2820.0,2625.0,31954.0,6837.0,0.0,0.0,12782275.0
354,Pennsylvania,2017,136500.0,123709.0,2455.0,28538.0,3700.0,4224.0,2752.0,6663.0,2263.0,2925.0,2578.0,32362.0,6783.0,0.0,0.0,12787641.0
355,Pennsylvania,2018,135564.0,123715.0,2463.0,28175.0,3586.0,4030.0,2923.0,6468.0,2410.0,2926.0,2563.0,32839.0,6690.0,0.0,0.0,12800922.0
356,Pennsylvania,2019,134717.0,122978.0,2352.0,27842.0,3651.0,4148.0,2496.0,6322.0,2350.0,2977.0,2542.0,32350.0,6686.0,0.0,0.0,12801989.0
357,Pennsylvania,2020,159048.0,146073.0,2379.0,28496.0,4324.0,4616.0,2443.0,6187.0,2281.0,2987.0,2602.0,33509.0,7123.0,18789.0,17079.0,13002700.0
358,Pennsylvania,2021,155540.0,141816.0,2543.0,27695.0,4161.0,4073.0,1845.0,5536.0,2244.0,3044.0,2148.0,32460.0,6784.0,20298.0,17994.0,13032732.0
359,Pennsylvania,2022,106315.0,97387.0,1847.0,20049.0,2916.0,2832.0,1271.0,4122.0,1661.0,2320.0,2497.0,23172.0,4919.0,9504.0,7384.0,12916089.0
369,Rhode Island,2014,10119.0,9294.0,0.0,2302.0,21.0,157.0,13.0,371.0,0.0,0.0,0.0,2386.0,143.0,0.0,0.0,1055936.0
370,Rhode Island,2015,10354.0,9487.0,0.0,2257.0,10.0,255.0,74.0,300.0,0.0,0.0,0.0,2401.0,170.0,0.0,0.0,1056065.0
371,Rhode Island,2016,9963.0,9035.0,0.0,2200.0,12.0,207.0,0.0,255.0,0.0,0.0,0.0,2291.0,226.0,0.0,0.0,1056770.0
372,Rhode Island,2017,10396.0,9438.0,0.0,2208.0,14.0,255.0,25.0,378.0,0.0,10.0,0.0,2351.0,247.0,0.0,0.0,1055673.0
373,Rhode Island,2018,10427.0,9472.0,0.0,2243.0,10.0,303.0,26.0,330.0,0.0,10.0,0.0,2480.0,306.0,0.0,0.0,1058287.0
374,Rhode Island,2019,10552.0,9616.0,0.0,2266.0,10.0,238.0,0.0,304.0,0.0,0.0,0.0,2440.0,256.0,0.0,0.0,1059361.0
375,Rhode Island,2020,12338.0,11319.0,0.0,2168.0,87.0,339.0,0.0,228.0,0.0,0.0,0.0,2404.0,198.0,1881.0,1576.0,1097379.0
376,Rhode Island,2021,11594.0,10464.0,0.0,2213.0,52.0,278.0,0.0,178.0,0.0,24.0,0.0,2416.0,236.0,1109.0,858.0,1101860.0
377,Rhode Island,2022,7950.0,7267.0,0.0,1576.0,11.0,125.0,0.0,147.0,0.0,0.0,107.0,1678.0,177.0,493.0,341.0,1094843.0
378,South Carolina,2014,45341.0,41675.0,732.0,9833.0,1257.0,1983.0,638.0,2756.0,635.0,804.0,523.0,10041.0,2367.0,0.0,0.0,4823617.0
379,South Carolina,2015,46076.0,42073.0,794.0,9703.0,1322.0,2432.0,668.0,2837.0,682.0,834.0,451.0,9962.0,2529.0,0.0,0.0,4891938.0
380,South Carolina,2016,46850.0,42595.0,807.0,9992.0,1346.0,2435.0,536.0,2823.0,727.0,843.0,391.0,10042.0,2548.0,0.0,0.0,4957968.0
381,South Carolina,2017,48228.0,43758.0,825.0,10048.0,1516.0,2530.0,589.0,2945.0,659.0,899.0,383.0,10251.0,2624.0,0.0,0.0,5021268.0
382,South Carolina,2018,49400.0,44691.0,872.0,10070.0,1554.0,2589.0,730.0,2947.0,663.0,941.0,472.0,10260.0,2752.0,0.0,0.0,5084156.0
383,South Carolina,2019,49803.0,45013.0,835.0,10201.0,1590.0,2292.0,499.0,2857.0,831.0,958.0,403.0,10403.0,2628.0,0.0,0.0,5148714.0
384,South Carolina,2020,61187.0,55371.0,906.0,10710.0,1973.0,2607.0,635.0,3074.0,957.0,1004.0,219.0,11493.0,2852.0,5810.0,5283.0,5118425.0
385,South Carolina,2021,64033.0,57713.0,747.0,10376.0,1739.0,2404.0,434.0,2830.0,851.0,872.0,156.0,11925.0,3009.0,9402.0,8716.0,5167731.0
386,South Carolina,2022,43370.0,39244.0,628.0,7645.0,1237.0,1740.0,329.0,1991.0,669.0,653.0,828.0,8382.0,2174.0,3973.0,3002.0,5259222.0
387,South Dakota,2014,7789.0,7106.0,0.0,1733.0,0.0,233.0,0.0,212.0,0.0,0.0,0.0,1787.0,248.0,0.0,0.0,849129.0
388,South Dakota,2015,7865.0,7122.0,0.0,1651.0,34.0,208.0,47.0,338.0,0.0,0.0,0.0,1729.0,181.0,0.0,0.0,853988.0
389,South Dakota,2016,7886.0,7160.0,0.0,1708.0,0.0,195.0,0.0,223.0,0.0,0.0,0.0,1743.0,193.0,0.0,0.0,862996.0
390,South Dakota,2017,8110.0,7311.0,0.0,1727.0,45.0,206.0,22.0,348.0,0.0,0.0,0.0,1734.0,215.0,0.0,0.0,872868.0
391,South Dakota,2018,8083.0,7382.0,0.0,1646.0,44.0,210.0,12.0,319.0,0.0,0.0,0.0,1797.0,120.0,0.0,0.0,878698.0
392,South Dakota,2019,8371.0,7605.0,0.0,1738.0,30.0,323.0,21.0,334.0,0.0,0.0,0.0,1848.0,131.0,0.0,0.0,884659.0
393,South Dakota,2020,10263.0,9400.0,0.0,1804.0,84.0,329.0,0.0,214.0,0.0,0.0,0.0,1847.0,192.0,1668.0,1543.0,886667.0
394,South Dakota,2021,9370.0,8476.0,0.0,1740.0,55.0,179.0,0.0,294.0,0.0,0.0,0.0,1697.0,132.0,874.0,744.0,893916.0
395,South Dakota,2022,6534.0,5939.0,0.0,1240.0,21.0,149.0,0.0,92.0,0.0,0.0,0.0,1340.0,114.0,417.0,277.0,905404.0
396,Tennessee,2014,69583.0,63779.0,957.0,15028.0,1825.0,2806.0,1804.0,4255.0,884.0,1120.0,909.0,16224.0,3746.0,0.0,0.0,6541223.0
397,Tennessee,2015,69869.0,63941.0,1034.0,14819.0,1876.0,3155.0,1828.0,4411.0,900.0,1163.0,907.0,16315.0,3765.0,0.0,0.0,6591170.0
398,Tennessee,2016,71075.0,64596.0,1046.0,14975.0,1945.0,3314.0,1665.0,4459.0,989.0,1209.0,899.0,15946.0,3883.0,0.0,0.0,6646010.0
399,Tennessee,2017,73404.0,66545.0,1101.0,14737.0,1967.0,3588.0,1760.0,4806.0,932.0,1198.0,915.0,16640.0,3882.0,0.0,0.0,6708799.0
400,Tennessee,2018,74574.0,67680.0,1055.0,14681.0,2079.0,3550.0,1788.0,4825.0,977.0,1207.0,1007.0,17043.0,3904.0,0.0,0.0,6771631.0
401,Tennessee,2019,75508.0,68083.0,937.0,14915.0,2214.0,3284.0,1424.0,4714.0,1099.0,1110.0,782.0,17500.0,3825.0,0.0,0.0,6829174.0
402,Tennessee,2020,89783.0,80749.0,1011.0,15107.0,2715.0,3717.0,1695.0,4765.0,1176.0,1131.0,884.0,18891.0,4154.0,8124.0,7462.0,6910840.0
403,Tennessee,2021,94721.0,84853.0,1134.0,14855.0,2739.0,2921.0,1307.0,4548.0,1120.0,1286.0,950.0,19087.0,4119.0,13475.0,12412.0,6967314.0
404,Tennessee,2022,64300.0,58097.0,787.0,10897.0,1973.0,2156.0,896.0,3068.0,762.0,913.0,1625.0,13718.0,3116.0,6207.0,5038.0,7059618.0
405,Texas,2014,189542.0,174338.0,4290.0,40015.0,5504.0,6940.0,3642.0,9965.0,2795.0,4140.0,2781.0,42727.0,10181.0,0.0,0.0,26964333.0
406,Texas,2015,191123.0,175603.0,4464.0,39426.0,5544.0,8934.0,3240.0,10293.0,2820.0,4093.0,2460.0,43562.0,10602.0,0.0,0.0,27470056.0
407,Texas,2016,193135.0,176895.0,4293.0,40453.0,5490.0,9135.0,2897.0,10160.0,2967.0,4168.0,2491.0,43982.0,10791.0,0.0,0.0,27914410.0
408,Texas,2017,199625.0,182895.0,4357.0,41059.0,5862.0,9553.0,2970.0,10749.0,3207.0,4332.0,2408.0,45498.0,10915.0,0.0,0.0,28295273.0
409,Texas,2018,203781.0,187002.0,4464.0,41266.0,6006.0,9789.0,3579.0,10877.0,3326.0,4581.0,2421.0,46981.0,10919.0,0.0,0.0,28628666.0
410,Texas,2019,205107.0,187325.0,3125.0,41934.0,6936.0,10144.0,3208.0,10869.0,3021.0,4236.0,1686.0,46429.0,10983.0,0.0,0.0,28995881.0
411,Texas,2020,257463.0,236962.0,3528.0,43248.0,8169.0,12202.0,3644.0,10676.0,3003.0,4539.0,1858.0,51573.0,12024.0,34128.0,31937.0,29145505.0
412,Texas,2021,270280.0,247651.0,3631.0,42973.0,8174.0,10463.0,2987.0,10087.0,3217.0,4574.0,2354.0,50911.0,12116.0,48282.0,44823.0,29545499.0
413,Texas,2022,178576.0,163788.0,2609.0,31771.0,5643.0,7549.0,1960.0,7144.0,2609.0,3556.0,4767.0,35971.0,9061.0,16529.0,13545.0,29947238.0
414,Utah,2014,17563.0,15530.0,0.0,3181.0,482.0,464.0,165.0,760.0,10.0,145.0,125.0,3598.0,899.0,0.0,0.0,2936879.0
415,Utah,2015,17755.0,15658.0,0.0,3168.0,517.0,907.0,166.0,786.0,35.0,125.0,47.0,3653.0,926.0,0.0,0.0,2981835.0
416,Utah,2016,18366.0,16242.0,0.0,3195.0,550.0,912.0,209.0,865.0,10.0,142.0,210.0,3705.0,947.0,0.0,0.0,3041868.0
417,Utah,2017,18579.0,16463.0,20.0,3251.0,528.0,1014.0,133.0,812.0,67.0,134.0,126.0,3896.0,928.0,0.0,0.0,3101042.0
418,Utah,2018,18931.0,16743.0,0.0,3351.0,556.0,1049.0,182.0,884.0,31.0,56.0,35.0,3859.0,958.0,0.0,0.0,3153550.0
419,Utah,2019,19329.0,17137.0,0.0,3373.0,631.0,977.0,142.0,851.0,53.0,134.0,55.0,4017.0,927.0,0.0,0.0,3205958.0
420,Utah,2020,22513.0,20093.0,0.0,3580.0,753.0,1161.0,81.0,953.0,46.0,76.0,0.0,4457.0,961.0,1662.0,1427.0,3271616.0
421,Utah,2021,23456.0,20935.0,33.0,3594.0,827.0,1021.0,31.0,868.0,45.0,122.0,39.0,4415.0,919.0,2636.0,2381.0,3322389.0
422,Utah,2022,16556.0,14924.0,22.0,2658.0,560.0,790.0,12.0,654.0,54.0,96.0,269.0,3338.0,727.0,1006.0,739.0,3426431.0
423,Vermont,2014,5620.0,5135.0,0.0,1387.0,0.0,11.0,0.0,88.0,0.0,0.0,0.0,1322.0,20.0,0.0,0.0,625214.0
424,Vermont,2015,5735.0,5256.0,0.0,1362.0,0.0,33.0,10.0,85.0,0.0,0.0,0.0,1284.0,10.0,0.0,0.0,625216.0
425,Vermont,2016,5752.0,5201.0,0.0,1327.0,0.0,41.0,0.0,112.0,0.0,0.0,0.0,1324.0,24.0,0.0,0.0,623657.0
426,Vermont,2017,5748.0,5225.0,0.0,1394.0,0.0,127.0,0.0,88.0,0.0,0.0,0.0,1273.0,10.0,0.0,0.0,624344.0
427,Vermont,2018,5766.0,5159.0,0.0,1340.0,0.0,87.0,0.0,76.0,0.0,0.0,0.0,1300.0,10.0,0.0,0.0,624358.0
428,Vermont,2019,5641.0,5115.0,0.0,1323.0,0.0,64.0,0.0,26.0,0.0,0.0,0.0,1310.0,0.0,0.0,0.0,623989.0
429,Vermont,2020,6253.0,5638.0,0.0,1382.0,0.0,33.0,0.0,92.0,0.0,0.0,0.0,1524.0,10.0,107.0,96.0,643077.0
430,Vermont,2021,6628.0,5909.0,0.0,1391.0,0.0,88.0,0.0,41.0,0.0,0.0,0.0,1542.0,0.0,156.0,91.0,644811.0
431,Vermont,2022,4827.0,4320.0,0.0,1048.0,0.0,43.0,0.0,11.0,0.0,0.0,13.0,1120.0,12.0,150.0,66.0,647378.0
432,Virginia,2014,63879.0,59142.0,1338.0,14840.0,1703.0,1812.0,1506.0,3120.0,925.0,1552.0,663.0,13968.0,3239.0,0.0,0.0,8310993.0
433,Virginia,2015,64407.0,59394.0,1148.0,14707.0,2020.0,2242.0,1348.0,3282.0,913.0,1461.0,513.0,13905.0,3359.0,0.0,0.0,8361808.0
434,Virginia,2016,65164.0,59746.0,1203.0,14699.0,2029.0,2403.0,1111.0,3148.0,1020.0,1506.0,563.0,13955.0,3443.0,0.0,0.0,8410106.0
435,Virginia,2017,67476.0,61856.0,1208.0,14829.0,1950.0,2529.0,1164.0,3296.0,1158.0,1592.0,681.0,14705.0,3506.0,0.0,0.0,8463587.0
436,Virginia,2018,68229.0,62570.0,1111.0,14874.0,2268.0,2596.0,1230.0,3405.0,1215.0,1543.0,576.0,14407.0,3749.0,0.0,0.0,8501286.0
437,Virginia,2019,69171.0,63510.0,1050.0,14763.0,2335.0,2632.0,1027.0,3572.0,1226.0,1626.0,689.0,14890.0,3780.0,0.0,0.0,8535519.0
438,Virginia,2020,80696.0,74049.0,978.0,15463.0,2636.0,2897.0,1149.0,3464.0,1297.0,1655.0,692.0,15805.0,4085.0,6287.0,5793.0,8631393.0
439,Virginia,2021,84696.0,77371.0,1050.0,15558.0,2644.0,2560.0,892.0,3166.0,1323.0,1628.0,673.0,16499.0,4058.0,9573.0,8688.0,8694430.0
440,Virginia,2022,59745.0,55292.0,767.0,11358.0,2065.0,1767.0,636.0,2248.0,933.0,1238.0,1561.0,11936.0,3018.0,5143.0,4080.0,8662151.0
441,Washington,2014,52938.0,48461.0,400.0,12475.0,1712.0,3412.0,694.0,2959.0,582.0,273.0,68.0,10811.0,2697.0,0.0,0.0,7054655.0
442,Washington,2015,54308.0,49559.0,292.0,12670.0,1789.0,3465.0,759.0,3146.0,718.0,249.0,118.0,10923.0,2680.0,0.0,0.0,7163657.0
443,Washington,2016,54387.0,49650.0,286.0,12586.0,1668.0,3258.0,746.0,3006.0,710.0,341.0,311.0,11017.0,2903.0,0.0,0.0,7294771.0
444,Washington,2017,56726.0,51470.0,373.0,12667.0,1820.0,3710.0,942.0,3148.0,765.0,195.0,314.0,11475.0,3029.0,0.0,0.0,7423362.0
445,Washington,2018,56691.0,51575.0,429.0,12834.0,1771.0,3750.0,799.0,3002.0,766.0,144.0,292.0,11595.0,2893.0,0.0,0.0,7523869.0
446,Washington,2019,57922.0,52675.0,366.0,12961.0,1826.0,3577.0,798.0,3065.0,818.0,122.0,372.0,11792.0,3017.0,0.0,0.0,7614893.0
447,Washington,2020,63906.0,57866.0,561.0,12997.0,2105.0,3749.0,664.0,2771.0,722.0,187.0,358.0,12215.0,3135.0,3750.0,3326.0,7705281.0
448,Washington,2021,68550.0,61632.0,422.0,13568.0,2229.0,3647.0,328.0,2643.0,827.0,196.0,612.0,12735.0,3190.0,6132.0,5385.0,7803355.0
449,Washington,2022,49678.0,44938.0,459.0,9731.0,1545.0,2629.0,297.0,2049.0,645.0,366.0,1189.0,9431.0,2390.0,3447.0,2471.0,7765004.0
450,West Virginia,2014,21981.0,20031.0,102.0,4859.0,794.0,465.0,213.0,1592.0,20.0,285.0,416.0,4678.0,1078.0,0.0,0.0,1849489.0
451,West Virginia,2015,22071.0,20024.0,79.0,4802.0,767.0,602.0,303.0,1608.0,33.0,265.0,428.0,4507.0,1045.0,0.0,0.0,1842050.0
452,West Virginia,2016,21863.0,19564.0,45.0,4560.0,839.0,689.0,168.0,1569.0,32.0,264.0,411.0,4543.0,969.0,0.0,0.0,1831023.0
453,West Virginia,2017,22480.0,19950.0,33.0,4521.0,842.0,675.0,204.0,1678.0,10.0,208.0,422.0,4672.0,1015.0,0.0,0.0,1817004.0
454,West Virginia,2018,22843.0,20507.0,75.0,4571.0,918.0,715.0,285.0,1681.0,11.0,296.0,311.0,4881.0,954.0,0.0,0.0,1804291.0
455,West Virginia,2019,22817.0,20432.0,73.0,4527.0,960.0,762.0,193.0,1660.0,31.0,223.0,246.0,4948.0,979.0,0.0,0.0,1792147.0
456,West Virginia,2020,26053.0,23149.0,55.0,4714.0,1084.0,885.0,259.0,1658.0,11.0,411.0,141.0,5154.0,911.0,1564.0,1415.0,1793716.0
457,West Virginia,2021,28665.0,25624.0,69.0,4712.0,1164.0,814.0,197.0,1534.0,37.0,591.0,402.0,5346.0,999.0,3871.0,3406.0,1787788.0
458,West Virginia,2022,19553.0,17872.0,11.0,3356.0,749.0,514.0,173.0,1176.0,0.0,350.0,747.0,3728.0,765.0,1974.0,1525.0,1773866.0
459,Wisconsin,2014,51026.0,46898.0,351.0,11551.0,1357.0,1917.0,1026.0,2814.0,616.0,984.0,10.0,11423.0,2533.0,0.0,0.0,5751525.0
460,Wisconsin,2015,50837.0,46417.0,306.0,11375.0,1391.0,2072.0,982.0,2822.0,568.0,981.0,59.0,11350.0,2598.0,0.0,0.0,5760940.0
461,Wisconsin,2016,51357.0,46548.0,391.0,11416.0,1422.0,2250.0,856.0,2770.0,606.0,950.0,0.0,11383.0,2449.0,0.0,0.0,5772628.0
462,Wisconsin,2017,52380.0,47360.0,372.0,11263.0,1419.0,2422.0,915.0,2797.0,567.0,901.0,83.0,11801.0,2488.0,0.0,0.0,5790186.0
463,Wisconsin,2018,53346.0,48303.0,449.0,11372.0,1518.0,2455.0,979.0,2862.0,636.0,892.0,11.0,11954.0,2516.0,0.0,0.0,5807406.0
464,Wisconsin,2019,53830.0,48551.0,396.0,11449.0,1537.0,2389.0,674.0,2837.0,624.0,943.0,56.0,12137.0,2460.0,0.0,0.0,5822434.0
465,Wisconsin,2020,63343.0,57284.0,539.0,11783.0,1702.0,2641.0,638.0,2836.0,580.0,873.0,53.0,12810.0,2845.0,6371.0,5486.0,5893718.0
466,Wisconsin,2021,60621.0,54500.0,463.0,11235.0,1676.0,2376.0,378.0,2432.0,590.0,849.0,92.0,12765.0,2603.0,6013.0,5100.0,5914391.0
467,Wisconsin,2022,43206.0,39226.0,429.0,8230.0,1038.0,1630.0,229.0,1884.0,496.0,639.0,1054.0,9227.0,1951.0,3111.0,2315.0,5903573.0
468,Wyoming,2014,4398.0,3866.0,0.0,863.0,0.0,0.0,0.0,71.0,0.0,0.0,0.0,1009.0,0.0,0.0,0.0,582531.0
469,Wyoming,2015,4467.0,3877.0,0.0,862.0,0.0,0.0,0.0,111.0,0.0,0.0,0.0,989.0,0.0,0.0,0.0,585613.0
470,Wyoming,2016,4325.0,3798.0,0.0,862.0,0.0,0.0,0.0,42.0,0.0,0.0,0.0,983.0,0.0,0.0,0.0,584215.0
471,Wyoming,2017,4361.0,3834.0,0.0,887.0,0.0,0.0,0.0,37.0,0.0,0.0,0.0,921.0,0.0,0.0,0.0,578931.0
472,Wyoming,2018,4640.0,4112.0,0.0,916.0,0.0,20.0,0.0,169.0,0.0,0.0,0.0,990.0,0.0,0.0,0.0,577601.0
473,Wyoming,2019,4672.0,4070.0,0.0,895.0,0.0,0.0,0.0,138.0,0.0,0.0,0.0,1016.0,11.0,0.0,0.0,578759.0
474,Wyoming,2020,5626.0,5008.0,0.0,959.0,0.0,21.0,0.0,136.0,0.0,0.0,0.0,1137.0,0.0,416.0,363.0,576851.0
475,Wyoming,2021,5931.0,5349.0,0.0,1047.0,0.0,10.0,0.0,76.0,0.0,0.0,0.0,1062.0,0.0,857.0,779.0,578173.0
476,Wyoming,2022,4008.0,3583.0,0.0,736.0,0.0,0.0,0.0,73.0,0.0,0.0,0.0,817.0,0.0,168.0,131.0,581813.0
